{"cameraMode":{"drawMode":0,"name":"Shaded","section":"Shading Mode"},"sceneLighting":false,"audioPlay":false,"sceneViewState":{"m_AlwaysRefresh":false,"showFog":true,"showSkybox":false,"showFlares":true,"showImageEffects":true,"showParticleSystems":true,"showVisualEffectGraphs":true,"m_FxEnabled":true},"in2DMode":false,"pivot":{"x":-9.100000381469727,"y":3.809999942779541,"z":11.300000190734864},"rotation":{"x":0.3120705783367157,"y":0.38070371747016909,"z":-0.13823466002941132,"w":0.8594248294830322},"size":0.000016797937860246748,"orthographic":false}